id,qname,heading,text,type,diagram,website,updated
its-regulation-64,TunnelCategoryCode,TunnelCategoryCode,A code that indicates categories of tunnels that can affect the applicability of a regulation.,Class,https://w3id.org/itsdata/regulation/v1/diagrams/TunnelCategoryCode.dot.svg,<html><body><a href='https://w3id.org/itsdata/regulation/v1/TunnelCategoryCode'>Web</a></body></html>,2026-08-26T17:28:28.846384
its-regulation-61,TrafficSignal,TrafficSignal,A traffic control device that is used to control traffic flow at intersections or pedestrian crossings using lights.,Class,https://w3id.org/itsdata/regulation/v1/diagrams/TrafficSignal.dot.svg,<html><body><a href='https://w3id.org/itsdata/regulation/v1/TrafficSignal'>Web</a></body></html>,2026-08-26T17:28:28.846384
its-regulation-11,CodedRegulationWithThreshold,CodedRegulationWithThreshold,A restriction defined by a code coupled with a threshold value.,Class,https://w3id.org/itsdata/regulation/v1/diagrams/CodedRegulationWithThreshold.dot.svg,<html><body><a href='https://w3id.org/itsdata/regulation/v1/CodedRegulationWithThreshold'>Web</a></body></html>,2026-08-26T17:28:28.846384
,CompositeEnforcementMethod,CompositeEnforcementMethod,A method of enforcing a traffic regulation that involves a combination of enforcement methods.,Class,https://w3id.org/itsdata/regulation/v1/diagrams/CompositeEnforcementMethod.dot.svg,<html><body><a href='https://w3id.org/itsdata/regulation/v1/CompositeEnforcementMethod'>Web</a></body></html>,2026-08-26T17:28:28.846384
,LegalStatusCode,LegalStatusCode,A code that indicates the legal status of a traffic regulation.,Class,https://w3id.org/itsdata/regulation/v1/diagrams/LegalStatusCode.dot.svg,<html><body><a href='https://w3id.org/itsdata/regulation/v1/LegalStatusCode'>Web</a></body></html>,2026-08-26T17:28:28.846384
its-regulation-36,PermitRequiredCondition,PermitRequiredCondition,A condition that is based on the possession of a permit.,Class,https://w3id.org/itsdata/regulation/v1/diagrams/PermitRequiredCondition.dot.svg,<html><body><a href='https://w3id.org/itsdata/regulation/v1/PermitRequiredCondition'>Web</a></body></html>,2026-08-26T17:28:28.846384
,FinancialEnforcementMethod,FinancialEnforcementMethod,A method of enforcing a traffic regulation that involves a financial penalty.,Class,https://w3id.org/itsdata/regulation/v1/diagrams/FinancialEnforcementMethod.dot.svg,<html><body><a href='https://w3id.org/itsdata/regulation/v1/FinancialEnforcementMethod'>Web</a></body></html>,2026-08-26T17:28:28.846384
its-regulation-26,MeasurableConditionCode,MeasurableConditionCode,"A code that indicates the type of measurable condition that is assessed, including both the type of measure and the type of entity being measured.",Class,https://w3id.org/itsdata/regulation/v1/diagrams/MeasurableConditionCode.dot.svg,<html><body><a href='https://w3id.org/itsdata/regulation/v1/MeasurableConditionCode'>Web</a></body></html>,2026-08-26T17:28:28.846384
its-regulation-21,InternationalSign,InternationalSign,"A traffic control device that is used to convey information to road users, such as regulatory, warning, or guide signs.",Class,https://w3id.org/itsdata/regulation/v1/diagrams/InternationalSign.dot.svg,<html><body><a href='https://w3id.org/itsdata/regulation/v1/InternationalSign'>Web</a></body></html>,2026-08-26T17:28:28.846384
its-regulation-54,TextComposite,TextComposite,An attribute that consists of text (multi-lingual string) on the default area of the main pictogram.,Class,https://w3id.org/itsdata/regulation/v1/diagrams/TextComposite.dot.svg,<html><body><a href='https://w3id.org/itsdata/regulation/v1/TextComposite'>Web</a></body></html>,2026-08-26T17:28:28.846384
its-regulation-17,DestinationInfo,DestinationInfo,"An attribute that indicates destination information, such as distance to destination or direction to destination.",Class,https://w3id.org/itsdata/regulation/v1/diagrams/DestinationInfo.dot.svg,<html><body><a href='https://w3id.org/itsdata/regulation/v1/DestinationInfo'>Web</a></body></html>,2026-08-26T17:28:28.846384
,SignAttribute,SignAttribute,An attribute that is associated with the traffic control device.,Class,https://w3id.org/itsdata/regulation/v1/diagrams/SignAttribute.dot.svg,<html><body><a href='https://w3id.org/itsdata/regulation/v1/SignAttribute'>Web</a></body></html>,2026-08-26T17:28:28.846384
its-regulation-22,LegalBasis,LegalBasis,A legal basis provides references to the legal documents that authorize an entity to issue the types of regulations covered by a traffic regulation order.,Class,https://w3id.org/itsdata/regulation/v1/diagrams/LegalBasis.dot.svg,<html><body><a href='https://w3id.org/itsdata/regulation/v1/LegalBasis'>Web</a></body></html>,2026-08-26T17:28:28.846384
its-regulation-58,TrafficControlDevice,TrafficControlDevice,"A device that is used to control traffic, such as a road sign, traffic signal, or pavement marking.",Class,https://w3id.org/itsdata/regulation/v1/diagrams/TrafficControlDevice.dot.svg,<html><body><a href='https://w3id.org/itsdata/regulation/v1/TrafficControlDevice'>Web</a></body></html>,2026-08-26T17:28:28.846384
its-regulation-60,TrafficRegulationOrder,TrafficRegulationOrder,A legally recognized document or publication issued to enact a specific traffic regulation or regulations by a competent authority.,Class,https://w3id.org/itsdata/regulation/v1/diagrams/TrafficRegulationOrder.dot.svg,<html><body><a href='https://w3id.org/itsdata/regulation/v1/TrafficRegulationOrder'>Web</a></body></html>,2026-08-26T17:28:28.846384
,FeeRestrictionCode,FeeRestrictionCode,A code indicating the type of regulation that is associated with a fee schedule.,Class,https://w3id.org/itsdata/regulation/v1/diagrams/FeeRestrictionCode.dot.svg,<html><body><a href='https://w3id.org/itsdata/regulation/v1/FeeRestrictionCode'>Web</a></body></html>,2026-08-26T17:28:28.846384
its-regulation-57,TimeValidityCondition,TimeValidityCondition,A condition that applies to a specific location.,Class,https://w3id.org/itsdata/regulation/v1/diagrams/TimeValidityCondition.dot.svg,<html><body><a href='https://w3id.org/itsdata/regulation/v1/TimeValidityCondition'>Web</a></body></html>,2026-08-26T17:28:28.846384
its-regulation-44,RegulatoryScopeCode,RegulatoryScopeCode,A code indicating the regulatory scope of a rule maker role.,Class,https://w3id.org/itsdata/regulation/v1/diagrams/RegulatoryScopeCode.dot.svg,<html><body><a href='https://w3id.org/itsdata/regulation/v1/RegulatoryScopeCode'>Web</a></body></html>,2026-08-26T17:28:28.846384
its-regulation-7,RestrictionCode,RestrictionCode,A code indicating the specific type of restriction or requirements imposed by the regulation.,Class,https://w3id.org/itsdata/regulation/v1/diagrams/RestrictionCode.dot.svg,<html><body><a href='https://w3id.org/itsdata/regulation/v1/RestrictionCode'>Web</a></body></html>,2026-08-26T17:28:28.846384
its-regulation-20,FeeRegulationCode,FeeRegulationCode,,Class,https://w3id.org/itsdata/regulation/v1/diagrams/FeeRegulationCode.dot.svg,<html><body><a href='https://w3id.org/itsdata/regulation/v1/FeeRegulationCode'>Web</a></body></html>,2026-08-26T17:28:28.846384
its-regulation-146,RegulationCategoryCodeList,RegulationCategoryCodeList,A list of rule categories that are defined by an authority.,Class,https://w3id.org/itsdata/regulation/v1/diagrams/RegulationCategoryCodeList.dot.svg,<html><body><a href='https://w3id.org/itsdata/regulation/v1/RegulationCategoryCodeList'>Web</a></body></html>,2026-08-26T17:28:28.846384
,RegulationContextCode,RegulationContextCode,A code indicating the context of a regulation that is associated with a code pair.,Class,https://w3id.org/itsdata/regulation/v1/diagrams/RegulationContextCode.dot.svg,<html><body><a href='https://w3id.org/itsdata/regulation/v1/RegulationContextCode'>Web</a></body></html>,2026-08-26T17:28:28.846384
its-regulation-10,CodedRegulationWithFee,CodedRegulationWithFee,A condition defined by a code.,Class,https://w3id.org/itsdata/regulation/v1/diagrams/CodedRegulationWithFee.dot.svg,<html><body><a href='https://w3id.org/itsdata/regulation/v1/CodedRegulationWithFee'>Web</a></body></html>,2026-08-26T17:28:28.846384
its-regulation-55,TextualRegulation,TextualRegulation,A textual regulation is a rule having the force of law that is established by a regulator through a traffic regulation order.,Class,https://w3id.org/itsdata/regulation/v1/diagrams/TextualRegulation.dot.svg,<html><body><a href='https://w3id.org/itsdata/regulation/v1/TextualRegulation'>Web</a></body></html>,2026-08-26T17:28:28.846384
its-regulation-49,RuleMakerRole,RuleMakerRole,A Role that includes the responsibility for creating and maintaining rules of the road or regulations for a geographic and operational scope as defined by the parent jurisdictional entity.,Class,https://w3id.org/itsdata/regulation/v1/diagrams/RuleMakerRole.dot.svg,<html><body><a href='https://w3id.org/itsdata/regulation/v1/RuleMakerRole'>Web</a></body></html>,2026-08-26T17:28:28.846384
its-regulation-31,PermitApplicationInformation,PermitApplicationInformation,Details about the application of the permit.,Class,https://w3id.org/itsdata/regulation/v1/diagrams/PermitApplicationInformation.dot.svg,<html><body><a href='https://w3id.org/itsdata/regulation/v1/PermitApplicationInformation'>Web</a></body></html>,2026-08-26T17:28:28.846384
its-regulation-52,StandAloneRegulationCode,StandAloneRegulationCode,,Class,https://w3id.org/itsdata/regulation/v1/diagrams/StandAloneRegulationCode.dot.svg,<html><body><a href='https://w3id.org/itsdata/regulation/v1/StandAloneRegulationCode'>Web</a></body></html>,2026-08-26T17:28:28.846384
its-regulation-6,ChannelizationTypeCode,ChannelizationTypeCode,A code that indicates the type of channelization device.,Class,https://w3id.org/itsdata/regulation/v1/diagrams/ChannelizationTypeCode.dot.svg,<html><body><a href='https://w3id.org/itsdata/regulation/v1/ChannelizationTypeCode'>Web</a></body></html>,2026-08-26T17:28:28.846384
its-regulation-62,TrafficSignalDevice,TrafficSignalDevice,"A device that is used to control traffic signals, including traffic lights and warning beacons.",Class,https://w3id.org/itsdata/regulation/v1/diagrams/TrafficSignalDevice.dot.svg,<html><body><a href='https://w3id.org/itsdata/regulation/v1/TrafficSignalDevice'>Web</a></body></html>,2026-08-26T17:28:28.846384
,StandAloneRestrictionCode,StandAloneRestrictionCode,A code indicating the type of regulation that does not require any supplemental information.,Class,https://w3id.org/itsdata/regulation/v1/diagrams/StandAloneRestrictionCode.dot.svg,<html><body><a href='https://w3id.org/itsdata/regulation/v1/StandAloneRestrictionCode'>Web</a></body></html>,2026-08-26T17:28:28.846384
its-regulation-53,StandingOrParkingCategoryCode,StandingOrParkingCategoryCode,A code that indicates categories of standing or parking that can affect the applicability of a regulation.,Class,https://w3id.org/itsdata/regulation/v1/diagrams/StandingOrParkingCategoryCode.dot.svg,<html><body><a href='https://w3id.org/itsdata/regulation/v1/StandingOrParkingCategoryCode'>Web</a></body></html>,2026-08-26T17:28:28.846384
its-regulation-34,PermitGranteeTypeCode,PermitGranteeTypeCode,A code that indicates the type of grantee of the permit.,Class,https://w3id.org/itsdata/regulation/v1/diagrams/PermitGranteeTypeCode.dot.svg,<html><body><a href='https://w3id.org/itsdata/regulation/v1/PermitGranteeTypeCode'>Web</a></body></html>,2026-08-26T17:28:28.846384
its-regulation-66,WarningBeacon,WarningBeacon,A device that is used to warn road users of potential hazards or to draw attention to specific conditions using lights or signals.,Class,https://w3id.org/itsdata/regulation/v1/diagrams/WarningBeacon.dot.svg,<html><body><a href='https://w3id.org/itsdata/regulation/v1/WarningBeacon'>Web</a></body></html>,2026-08-26T17:28:28.846384
,Trustworthiness,Trustworthiness,The trustworthiness of the supplemental data source.,Class,https://w3id.org/itsdata/regulation/v1/diagrams/Trustworthiness.dot.svg,<html><body><a href='https://w3id.org/itsdata/regulation/v1/Trustworthiness'>Web</a></body></html>,2026-08-26T17:28:28.846384
its-regulation-16,ContextRegulationCode,ContextRegulationCode,,Class,https://w3id.org/itsdata/regulation/v1/diagrams/ContextRegulationCode.dot.svg,<html><body><a href='https://w3id.org/itsdata/regulation/v1/ContextRegulationCode'>Web</a></body></html>,2026-08-26T17:28:28.846384
its-regulation-35,PermitGrantorTypeCode,PermitGrantorTypeCode,A code that indicates the type of grantor of the permit.,Class,https://w3id.org/itsdata/regulation/v1/diagrams/PermitGrantorTypeCode.dot.svg,<html><body><a href='https://w3id.org/itsdata/regulation/v1/PermitGrantorTypeCode'>Web</a></body></html>,2026-08-26T17:28:28.846384
,TowingEnforcementMethod,TowingEnforcementMethod,A method of enforcing a traffic regulation that involves towing a vehicle.,Class,https://w3id.org/itsdata/regulation/v1/diagrams/TowingEnforcementMethod.dot.svg,<html><body><a href='https://w3id.org/itsdata/regulation/v1/TowingEnforcementMethod'>Web</a></body></html>,2026-08-26T17:28:28.846384
its-regulation-1,AccessCategoryCode,AccessCategoryCode,A code that indicates categories of access to a location that can affect the applicability of a regulation.,Class,https://w3id.org/itsdata/regulation/v1/diagrams/AccessCategoryCode.dot.svg,<html><body><a href='https://w3id.org/itsdata/regulation/v1/AccessCategoryCode'>Web</a></body></html>,2026-08-26T17:28:28.846384
its-regulation-48,RoadWeatherConditionCode,RoadWeatherConditionCode,,Class,https://w3id.org/itsdata/regulation/v1/diagrams/RoadWeatherConditionCode.dot.svg,<html><body><a href='https://w3id.org/itsdata/regulation/v1/RoadWeatherConditionCode'>Web</a></body></html>,2026-08-26T17:28:28.846384
its-regulation-43,RegulationThing,RegulationThing,A class to organize all classes defined in the Traffic Regulation topic area of the ITS Ontology.,Class,https://w3id.org/itsdata/regulation/v1/diagrams/RegulationThing.dot.svg,<html><body><a href='https://w3id.org/itsdata/regulation/v1/RegulationThing'>Web</a></body></html>,2026-08-26T17:28:28.846384
its-regulation-33,PermitDisplayTypeCode,PermitDisplayTypeCode,A code that indicates the type of display that is associated with the permit.,Class,https://w3id.org/itsdata/regulation/v1/diagrams/PermitDisplayTypeCode.dot.svg,<html><body><a href='https://w3id.org/itsdata/regulation/v1/PermitDisplayTypeCode'>Web</a></body></html>,2026-08-26T17:28:28.846384
its-regulation-30,Permit,Permit,Certificate that indicates designations that are associated with the grantee.,Class,https://w3id.org/itsdata/regulation/v1/diagrams/Permit.dot.svg,<html><body><a href='https://w3id.org/itsdata/regulation/v1/Permit'>Web</a></body></html>,2026-08-26T17:28:28.846384
its-regulation-149,RegulationCategoryCode,RegulationCategoryCode,A code used to identify a category of regulation.,Class,https://w3id.org/itsdata/regulation/v1/diagrams/RegulationCategoryCode.dot.svg,<html><body><a href='https://w3id.org/itsdata/regulation/v1/RegulationCategoryCode'>Web</a></body></html>,2026-08-26T17:28:28.846384
,ImmobilizationEnforcementMethod,ImmobilizationEnforcementMethod,A method of enforcing a traffic regulation that involves immobilizing a vehicle.,Class,https://w3id.org/itsdata/regulation/v1/diagrams/ImmobilizationEnforcementMethod.dot.svg,<html><body><a href='https://w3id.org/itsdata/regulation/v1/ImmobilizationEnforcementMethod'>Web</a></body></html>,2026-08-26T17:28:28.846384
its-regulation-19,EnumeratedCondition,EnumeratedCondition,A condition that is based on an enumerated value in a known code list.,Class,https://w3id.org/itsdata/regulation/v1/diagrams/EnumeratedCondition.dot.svg,<html><body><a href='https://w3id.org/itsdata/regulation/v1/EnumeratedCondition'>Web</a></body></html>,2026-08-26T17:28:28.846384
its-regulation-38,ReasonCode,ReasonCode,A code indicating the reason for the traffic regulation order.,Class,https://w3id.org/itsdata/regulation/v1/diagrams/ReasonCode.dot.svg,<html><body><a href='https://w3id.org/itsdata/regulation/v1/ReasonCode'>Web</a></body></html>,2026-08-26T17:28:28.846384
its-regulation-63,TroStatusCode,TroStatusCode,A code indicating the lifecycle status of a traffic regulation order,Class,https://w3id.org/itsdata/regulation/v1/diagrams/TroStatusCode.dot.svg,<html><body><a href='https://w3id.org/itsdata/regulation/v1/TroStatusCode'>Web</a></body></html>,2026-08-26T17:28:28.846384
its-regulation-46,RoadSurfaceFeatureTypeCode,RoadSurfaceFeatureTypeCode,A code that indicates the type of road surface feature.,Class,https://w3id.org/itsdata/regulation/v1/diagrams/RoadSurfaceFeatureTypeCode.dot.svg,<html><body><a href='https://w3id.org/itsdata/regulation/v1/RoadSurfaceFeatureTypeCode'>Web</a></body></html>,2026-08-26T17:28:28.846384
its-regulation-2,AccessControlDevice,AccessControlDevice,"A device that is used to control access to a specific area, such as a gate or barrier.",Class,https://w3id.org/itsdata/regulation/v1/diagrams/AccessControlDevice.dot.svg,<html><body><a href='https://w3id.org/itsdata/regulation/v1/AccessControlDevice'>Web</a></body></html>,2026-08-26T17:28:28.846384
,SupplementalDataTypeCode,SupplementalDataTypeCode,A code indicating the type of supplemental data required to interpret the current applicability of a regulation.,Class,https://w3id.org/itsdata/regulation/v1/diagrams/SupplementalDataTypeCode.dot.svg,<html><body><a href='https://w3id.org/itsdata/regulation/v1/SupplementalDataTypeCode'>Web</a></body></html>,2026-08-26T17:28:28.846384
its-regulation-8,CodedPairRegulation,CodedPairRegulation,A restriction defined by a code.,Class,https://w3id.org/itsdata/regulation/v1/diagrams/CodedPairRegulation.dot.svg,<html><body><a href='https://w3id.org/itsdata/regulation/v1/CodedPairRegulation'>Web</a></body></html>,2026-08-26T17:28:28.846384
,TrustworthinessCode,TrustworthinessCode,A code indicating the trustworthiness of the supplemental data source.,Class,https://w3id.org/itsdata/regulation/v1/diagrams/TrustworthinessCode.dot.svg,<html><body><a href='https://w3id.org/itsdata/regulation/v1/TrustworthinessCode'>Web</a></body></html>,2026-08-26T17:28:28.846384
its-regulation-45,RoadSurfaceFeature,RoadSurfaceFeature,"A traffic control device that changes the nature of the road surface, such as rumble strips or speed bumps.",Class,https://w3id.org/itsdata/regulation/v1/diagrams/RoadSurfaceFeature.dot.svg,<html><body><a href='https://w3id.org/itsdata/regulation/v1/RoadSurfaceFeature'>Web</a></body></html>,2026-08-26T17:28:28.846384
its-regulation-39,RegistrationMachine,RegistrationMachine,A machine that is used to register the permit.,Class,https://w3id.org/itsdata/regulation/v1/diagrams/RegistrationMachine.dot.svg,<html><body><a href='https://w3id.org/itsdata/regulation/v1/RegistrationMachine'>Web</a></body></html>,2026-08-26T17:28:28.846384
,RequiredSupplementalData,RequiredSupplementalData,Data that a METR user system needs from a supplemental data provider to determine the current applicability of a regulation.,Class,https://w3id.org/itsdata/regulation/v1/diagrams/RequiredSupplementalData.dot.svg,<html><body><a href='https://w3id.org/itsdata/regulation/v1/RequiredSupplementalData'>Web</a></body></html>,2026-08-26T17:28:28.846384
its-regulation-14,ConditionCode,ConditionCode,A code that indicates the enumerated types of conditions that affect the applicability of a regulation.,Class,https://w3id.org/itsdata/regulation/v1/diagrams/ConditionCode.dot.svg,<html><body><a href='https://w3id.org/itsdata/regulation/v1/ConditionCode'>Web</a></body></html>,2026-08-26T17:28:28.846384
its-regulation-5,ChannelizationDevice,ChannelizationDevice,"A device that is used to guide or direct traffic, such as a curb or a series of cones, barrels, or barricades.",Class,https://w3id.org/itsdata/regulation/v1/diagrams/ChannelizationDevice.dot.svg,<html><body><a href='https://w3id.org/itsdata/regulation/v1/ChannelizationDevice'>Web</a></body></html>,2026-08-26T17:28:28.846384
,SuspectStatusCode,SuspectStatusCode,A code indicating if any information about the traffic regulation has been flagged as suspect.,Class,https://w3id.org/itsdata/regulation/v1/diagrams/SuspectStatusCode.dot.svg,<html><body><a href='https://w3id.org/itsdata/regulation/v1/SuspectStatusCode'>Web</a></body></html>,2026-08-26T17:28:28.846384
its-regulation-3,AccessControlTypeCode,AccessControlTypeCode,A code that indicates the type of access control device.,Class,https://w3id.org/itsdata/regulation/v1/diagrams/AccessControlTypeCode.dot.svg,<html><body><a href='https://w3id.org/itsdata/regulation/v1/AccessControlTypeCode'>Web</a></body></html>,2026-08-26T17:28:28.846384
,EnforcementMethod,EnforcementMethod,The enforcement method used to enforce a traffic regulation.,Class,https://w3id.org/itsdata/regulation/v1/diagrams/EnforcementMethod.dot.svg,<html><body><a href='https://w3id.org/itsdata/regulation/v1/EnforcementMethod'>Web</a></body></html>,2026-08-26T17:28:28.846384
its-regulation-50,SignDestination,SignDestination,A destination that is indicated on the road sign.,Class,https://w3id.org/itsdata/regulation/v1/diagrams/SignDestination.dot.svg,<html><body><a href='https://w3id.org/itsdata/regulation/v1/SignDestination'>Web</a></body></html>,2026-08-26T17:28:28.846384
its-regulation-40,RegulationCode,RegulationCode,,Class,https://w3id.org/itsdata/regulation/v1/diagrams/RegulationCode.dot.svg,<html><body><a href='https://w3id.org/itsdata/regulation/v1/RegulationCode'>Web</a></body></html>,2026-08-26T17:28:28.846384
its-regulation-37,PermitType,PermitType,A category of certificate that the grantor is able to issue to designate a grantee as a specific type of entity.,Class,https://w3id.org/itsdata/regulation/v1/diagrams/PermitType.dot.svg,<html><body><a href='https://w3id.org/itsdata/regulation/v1/PermitType'>Web</a></body></html>,2026-08-26T17:28:28.846384
its-regulation-24,LogicalOperatorCode,LogicalOperatorCode,"A code that indicates how the members of a ConditionSet are combined (for example AND, OR, XOR, NOT, etc.).",Class,https://w3id.org/itsdata/regulation/v1/diagrams/LogicalOperatorCode.dot.svg,<html><body><a href='https://w3id.org/itsdata/regulation/v1/LogicalOperatorCode'>Web</a></body></html>,2026-08-26T17:28:28.846384
its-regulation-4,ActivationStatusCode,ActivationStatusCode,A code indicating the activation status of an object,Class,https://w3id.org/itsdata/regulation/v1/diagrams/ActivationStatusCode.dot.svg,<html><body><a href='https://w3id.org/itsdata/regulation/v1/ActivationStatusCode'>Web</a></body></html>,2026-08-26T17:28:28.846384
,ThresholdRestrictionCode,ThresholdRestrictionCode,A code indicating the type of regulation that requires a threshold value.,Class,https://w3id.org/itsdata/regulation/v1/diagrams/ThresholdRestrictionCode.dot.svg,<html><body><a href='https://w3id.org/itsdata/regulation/v1/ThresholdRestrictionCode'>Web</a></body></html>,2026-08-26T17:28:28.846384
its-regulation-65,VersionedCondition,VersionedCondition,A specific version of a condition that can be referenced by a ConditionReference.,Class,https://w3id.org/itsdata/regulation/v1/diagrams/VersionedCondition.dot.svg,<html><body><a href='https://w3id.org/itsdata/regulation/v1/VersionedCondition'>Web</a></body></html>,2026-08-26T17:28:28.846384
its-regulation-32,PermitDesignationCode,PermitDesignationCode,A code that indicates the designation of the permit.,Class,https://w3id.org/itsdata/regulation/v1/diagrams/PermitDesignationCode.dot.svg,<html><body><a href='https://w3id.org/itsdata/regulation/v1/PermitDesignationCode'>Web</a></body></html>,2026-08-26T17:28:28.846384
its-regulation-28,PavementMarking,PavementMarking,"A device that is used to mark the pavement, such as lines, symbols, or text.",Class,https://w3id.org/itsdata/regulation/v1/diagrams/PavementMarking.dot.svg,<html><body><a href='https://w3id.org/itsdata/regulation/v1/PavementMarking'>Web</a></body></html>,2026-08-26T17:28:28.846384
its-regulation-15,ConditionSet,ConditionSet,A composite condition that consists of two or more Conditions combined by a logical operator; the set must evaluate to true for the associated regulation(s) to currently apply.,Class,https://w3id.org/itsdata/regulation/v1/diagrams/ConditionSet.dot.svg,<html><body><a href='https://w3id.org/itsdata/regulation/v1/ConditionSet'>Web</a></body></html>,2026-08-26T17:28:28.846384
its-regulation-47,RoadTypeCode,RoadTypeCode,A code that indicates categories of roads that can affect the applicability of a regulation.,Class,https://w3id.org/itsdata/regulation/v1/diagrams/RoadTypeCode.dot.svg,<html><body><a href='https://w3id.org/itsdata/regulation/v1/RoadTypeCode'>Web</a></body></html>,2026-08-26T17:28:28.846384
its-regulation-59,TrafficRegulation,TrafficRegulation,A traffic regulation is a rule having the force of law that is established by a regulator through a traffic regulation order.,Class,https://w3id.org/itsdata/regulation/v1/diagrams/TrafficRegulation.dot.svg,<html><body><a href='https://w3id.org/itsdata/regulation/v1/TrafficRegulation'>Web</a></body></html>,2026-08-26T17:28:28.846384
its-regulation-25,MeasurableCondition,MeasurableCondition,A condition that is based on a comparison between a measurable value and a threshold value.,Class,https://w3id.org/itsdata/regulation/v1/diagrams/MeasurableCondition.dot.svg,<html><body><a href='https://w3id.org/itsdata/regulation/v1/MeasurableCondition'>Web</a></body></html>,2026-08-26T17:28:28.846384
its-regulation-23,LocationCondition,LocationCondition,A condition that applies to a specific location.,Class,https://w3id.org/itsdata/regulation/v1/diagrams/LocationCondition.dot.svg,<html><body><a href='https://w3id.org/itsdata/regulation/v1/LocationCondition'>Web</a></body></html>,2026-08-26T17:28:28.846384
its-regulation-18,DriverCategoryCode,DriverCategoryCode,A code that indicates categories of drivers that can affect the applicability of a regulation.,Class,https://w3id.org/itsdata/regulation/v1/diagrams/DriverCategoryCode.dot.svg,<html><body><a href='https://w3id.org/itsdata/regulation/v1/DriverCategoryCode'>Web</a></body></html>,2026-08-26T17:28:28.846384
its-regulation-29,PavementMarkingTypeCode,PavementMarkingTypeCode,A code that indicates the type of pavement marking device.,Class,https://w3id.org/itsdata/regulation/v1/diagrams/PavementMarkingTypeCode.dot.svg,<html><body><a href='https://w3id.org/itsdata/regulation/v1/PavementMarkingTypeCode'>Web</a></body></html>,2026-08-26T17:28:28.846384
its-regulation-56,ThresholdRegulationCode,ThresholdRegulationCode,,Class,https://w3id.org/itsdata/regulation/v1/diagrams/ThresholdRegulationCode.dot.svg,<html><body><a href='https://w3id.org/itsdata/regulation/v1/ThresholdRegulationCode'>Web</a></body></html>,2026-08-26T17:28:28.846384
,DrivingRecordEnforcementMethod,DrivingRecordEnforcementMethod,A method of enforcing a traffic regulation that involves assigning demerits to a driver's driving record.,Class,https://w3id.org/itsdata/regulation/v1/diagrams/DrivingRecordEnforcementMethod.dot.svg,<html><body><a href='https://w3id.org/itsdata/regulation/v1/DrivingRecordEnforcementMethod'>Web</a></body></html>,2026-08-26T17:28:28.846384
its-regulation-9,CodedRegulation,CodedRegulation,A restriction defined by a code.,Class,https://w3id.org/itsdata/regulation/v1/diagrams/CodedRegulation.dot.svg,<html><body><a href='https://w3id.org/itsdata/regulation/v1/CodedRegulation'>Web</a></body></html>,2026-08-26T17:28:28.846384
its-regulation-13,Condition,Condition,"A boolean condition that must evaluate to true for the associated regulation(s) to currently apply. Even if the condition is true, it is not active if it is currently overridden. The condition may be multi-part.",Class,https://w3id.org/itsdata/regulation/v1/diagrams/Condition.dot.svg,<html><body><a href='https://w3id.org/itsdata/regulation/v1/Condition'>Web</a></body></html>,2026-08-26T17:28:28.846384
its-regulation-42,RegulationObjectProperty,RegulationObjectProperty,An object property to organize all object properties defined in the Traffic Regulation topic area of the ITS Ontology.,ObjectProperty,,<html><body><a href='https://w3id.org/itsdata/regulation/v1/RegulationObjectProperty'>Web</a></body></html>,2026-08-26T17:28:28.846384
its-regulation-67,accessControlType,accessControlType,A code that indicates the type of access control device.,ObjectProperty,,<html><body><a href='https://w3id.org/itsdata/regulation/v1/accessControlType'>Web</a></body></html>,2026-08-26T17:28:28.846384
its-regulation-68,applicableLocation,applicableLocation,The location associated with the condition.,ObjectProperty,,<html><body><a href='https://w3id.org/itsdata/regulation/v1/applicableLocation'>Web</a></body></html>,2026-08-26T17:28:28.846384
its-regulation-69,arrowDirection,arrowDirection,A direction that is indicated on the road sign.,ObjectProperty,,<html><body><a href='https://w3id.org/itsdata/regulation/v1/arrowDirection'>Web</a></body></html>,2026-08-26T17:28:28.846384
its-regulation-70,associatedTrafficControlDevice,associatedTrafficControlDevice,A traffic control device associated with the instance of the traffic regulation.,ObjectProperty,,<html><body><a href='https://w3id.org/itsdata/regulation/v1/associatedTrafficControlDevice'>Web</a></body></html>,2026-08-26T17:28:28.846384
its-regulation-71,authorizingTrafficRegulation,authorizingTrafficRegulation,A traffic regulation that authorizes the instance of the traffic control device.,ObjectProperty,,<html><body><a href='https://w3id.org/itsdata/regulation/v1/authorizingTrafficRegulation'>Web</a></body></html>,2026-08-26T17:28:28.846384
its-regulation-72,channelizationType,channelizationType,A code that indicates the type of channelization device.,ObjectProperty,,<html><body><a href='https://w3id.org/itsdata/regulation/v1/channelizationType'>Web</a></body></html>,2026-08-26T17:28:28.846384
its-regulation-73,comparisonOperator,comparisonOperator,The operator used to compare the value to the threshold value.,ObjectProperty,,<html><body><a href='https://w3id.org/itsdata/regulation/v1/comparisonOperator'>Web</a></body></html>,2026-08-26T17:28:28.846384
its-regulation-74,destinationHorizon,destinationHorizon,The distance to the destination or the time to the destination.,ObjectProperty,,<html><body><a href='https://w3id.org/itsdata/regulation/v1/destinationHorizon'>Web</a></body></html>,2026-08-26T17:28:28.846384
its-regulation-75,destinationPlace,destinationPlace,The place to which the road sign is pointing.,ObjectProperty,,<html><body><a href='https://w3id.org/itsdata/regulation/v1/destinationPlace'>Web</a></body></html>,2026-08-26T17:28:28.846384
its-regulation-76,destinationRoad,destinationRoad,The road to which the road sign is pointing.,ObjectProperty,,<html><body><a href='https://w3id.org/itsdata/regulation/v1/destinationRoad'>Web</a></body></html>,2026-08-26T17:28:28.846384
its-regulation-77,divergeHorizon,divergeHorizon,The distance between the sign and the junction or diverge point that leads to the point of interest.,ObjectProperty,,<html><body><a href='https://w3id.org/itsdata/regulation/v1/divergeHorizon'>Web</a></body></html>,2026-08-26T17:28:28.846384
its-regulation-78,divergeName,divergeName,"The name of the point of interest (e.g., destination or current location for direction 0).",ObjectProperty,,<html><body><a href='https://w3id.org/itsdata/regulation/v1/divergeName'>Web</a></body></html>,2026-08-26T17:28:28.846384
its-regulation-79,divergeRoute,divergeRoute,The route to which the road sign is pointing.,ObjectProperty,,<html><body><a href='https://w3id.org/itsdata/regulation/v1/divergeRoute'>Web</a></body></html>,2026-08-26T17:28:28.846384
its-regulation-80,forAccessCategory,forAccessCategory,The type of restriction that regulates access to a facility.,ObjectProperty,,<html><body><a href='https://w3id.org/itsdata/regulation/v1/forAccessCategory'>Web</a></body></html>,2026-08-26T17:28:28.846384
its-regulation-81,forEnumeratedCondition,forEnumeratedCondition,The enumerated condition that affects the applicability of the regulation.,ObjectProperty,,<html><body><a href='https://w3id.org/itsdata/regulation/v1/forEnumeratedCondition'>Web</a></body></html>,2026-08-26T17:28:28.846384
its-regulation-82,forMeasurableCondition,forMeasurableCondition,The measurable condition that affects the applicability of the regulation.,ObjectProperty,,<html><body><a href='https://w3id.org/itsdata/regulation/v1/forMeasurableCondition'>Web</a></body></html>,2026-08-26T17:28:28.846384
its-regulation-83,forNonVehicularRoadUserType,forNonVehicularRoadUserType,The type of non-vehicular road user that is subject to the regulation.,ObjectProperty,,<html><body><a href='https://w3id.org/itsdata/regulation/v1/forNonVehicularRoadUserType'>Web</a></body></html>,2026-08-26T17:28:28.846384
its-regulation-84,forRoadType,forRoadType,The type of road upon which travel is taking place.,ObjectProperty,,<html><body><a href='https://w3id.org/itsdata/regulation/v1/forRoadType'>Web</a></body></html>,2026-08-26T17:28:28.846384
its-regulation-85,forStandingOrParkingCategory,forStandingOrParkingCategory,The category of standing or parking within which travel is taking place.,ObjectProperty,,<html><body><a href='https://w3id.org/itsdata/regulation/v1/forStandingOrParkingCategory'>Web</a></body></html>,2026-08-26T17:28:28.846384
its-regulation-86,forTunnelCategory,forTunnelCategory,The category of tunnel within which travel is taking place.,ObjectProperty,,<html><body><a href='https://w3id.org/itsdata/regulation/v1/forTunnelCategory'>Web</a></body></html>,2026-08-26T17:28:28.846384
its-regulation-87,forWeatherConditionType,forWeatherConditionType,,ObjectProperty,,<html><body><a href='https://w3id.org/itsdata/regulation/v1/forWeatherConditionType'>Web</a></body></html>,2026-08-26T17:28:28.846384
its-regulation-88,grantsDesignation,grantsDesignation,The permissions that are granted by the permit.,ObjectProperty,,<html><body><a href='https://w3id.org/itsdata/regulation/v1/grantsDesignation'>Web</a></body></html>,2026-08-26T17:28:28.846384
its-regulation-89,hasActivationStatus,hasActivationStatus,A code indicating the activation status of the traffic regulation.,ObjectProperty,,<html><body><a href='https://w3id.org/itsdata/regulation/v1/hasActivationStatus'>Web</a></body></html>,2026-08-26T17:28:28.846384
its-regulation-90,hasApplicableLocation,hasApplicableLocation,The location where the permit is applicable.,ObjectProperty,,<html><body><a href='https://w3id.org/itsdata/regulation/v1/hasApplicableLocation'>Web</a></body></html>,2026-08-26T17:28:28.846384
its-regulation-91,hasApplicationInformation,hasApplicationInformation,Details about the application of the permit.,ObjectProperty,,<html><body><a href='https://w3id.org/itsdata/regulation/v1/hasApplicationInformation'>Web</a></body></html>,2026-08-26T17:28:28.846384
its-regulation-94,hasAssociatedFee,hasAssociatedFee,A fee that is associated with the instance of the traffic regulation.,ObjectProperty,,<html><body><a href='https://w3id.org/itsdata/regulation/v1/hasAssociatedFee'>Web</a></body></html>,2026-08-26T17:28:28.846384
its-regulation-95,hasAssociatedRestriction,hasAssociatedRestriction,A restriction associated with the traffic regulation.,ObjectProperty,,<html><body><a href='https://w3id.org/itsdata/regulation/v1/hasAssociatedRestriction'>Web</a></body></html>,2026-08-26T17:28:28.846384
its-regulation-96,hasCondition,hasCondition,"A condition associated with the instance (for example a traffic regulation); not used for the part-whole composition of a ConditionSet, which uses cdm1:hasComponent.",ObjectProperty,,<html><body><a href='https://w3id.org/itsdata/regulation/v1/hasCondition'>Web</a></body></html>,2026-08-26T17:28:28.846384
its-regulation-97,hasContactInformation,hasContactInformation,Contact information for the entity that is responsible for the traffic regulation.,ObjectProperty,,<html><body><a href='https://w3id.org/itsdata/regulation/v1/hasContactInformation'>Web</a></body></html>,2026-08-26T17:28:28.846384
its-regulation-98,hasDefaultDurationLimit,hasDefaultDurationLimit,The default duration of the permit.,ObjectProperty,,<html><body><a href='https://w3id.org/itsdata/regulation/v1/hasDefaultDurationLimit'>Web</a></body></html>,2026-08-26T17:28:28.846384
its-regulation-99,hasDefaultLocation,hasDefaultLocation,The default location of the permit.,ObjectProperty,,<html><body><a href='https://w3id.org/itsdata/regulation/v1/hasDefaultLocation'>Web</a></body></html>,2026-08-26T17:28:28.846384
its-regulation-100,hasDefaultRepeatInterval,hasDefaultRepeatInterval,The default repeat interval of the permit.,ObjectProperty,,<html><body><a href='https://w3id.org/itsdata/regulation/v1/hasDefaultRepeatInterval'>Web</a></body></html>,2026-08-26T17:28:28.846384
its-regulation-101,hasDisplayType,hasDisplayType,The type of display that is associated with the permit.,ObjectProperty,,<html><body><a href='https://w3id.org/itsdata/regulation/v1/hasDisplayType'>Web</a></body></html>,2026-08-26T17:28:28.846384
its-regulation-102,hasDurationLimit,hasDurationLimit,The maximum duration of the permit.,ObjectProperty,,<html><body><a href='https://w3id.org/itsdata/regulation/v1/hasDurationLimit'>Web</a></body></html>,2026-08-26T17:28:28.846384
its-regulation-103,hasGrantee,hasGrantee,The entity that is granted the permit.,ObjectProperty,,<html><body><a href='https://w3id.org/itsdata/regulation/v1/hasGrantee'>Web</a></body></html>,2026-08-26T17:28:28.846384
its-regulation-104,hasGranteeType,hasGranteeType,The type of entity that is granted the permit.,ObjectProperty,,<html><body><a href='https://w3id.org/itsdata/regulation/v1/hasGranteeType'>Web</a></body></html>,2026-08-26T17:28:28.846384
its-regulation-105,hasGrantor,hasGrantor,The authority that is responsible for issuing the permit.,ObjectProperty,,<html><body><a href='https://w3id.org/itsdata/regulation/v1/hasGrantor'>Web</a></body></html>,2026-08-26T17:28:28.846384
its-regulation-107,hasLegalBasis,hasLegalBasis,"formal authority within the law (e.g., statute, ordinance, administrative rule, constitutional provision) that empowers an entity to create, adopt, or enforce a regulation",ObjectProperty,,<html><body><a href='https://w3id.org/itsdata/regulation/v1/hasLegalBasis'>Web</a></body></html>,2026-08-26T17:28:28.846384
its-regulation-108,hasPermitType,hasPermitType,A type of permit associated with the traffic regulation.,ObjectProperty,,<html><body><a href='https://w3id.org/itsdata/regulation/v1/hasPermitType'>Web</a></body></html>,2026-08-26T17:28:28.846384
its-regulation-109,hasRegistrationMachine,hasRegistrationMachine,A registration machine that is associated with the instance of the traffic regulation.,ObjectProperty,,<html><body><a href='https://w3id.org/itsdata/regulation/v1/hasRegistrationMachine'>Web</a></body></html>,2026-08-26T17:28:28.846384
its-regulation-110,hasRepeatInterval,hasRepeatInterval,The minimum time to the next entry.,ObjectProperty,,<html><body><a href='https://w3id.org/itsdata/regulation/v1/hasRepeatInterval'>Web</a></body></html>,2026-08-26T17:28:28.846384
its-regulation-111,hasValidityPeriod,hasValidityPeriod,The validity period of the permit.,ObjectProperty,,<html><body><a href='https://w3id.org/itsdata/regulation/v1/hasValidityPeriod'>Web</a></body></html>,2026-08-26T17:28:28.846384
its-regulation-113,implementedLocation,implementedLocation,"The location where the regulation was implemented (e.g., with traffic control devices).",ObjectProperty,,<html><body><a href='https://w3id.org/itsdata/regulation/v1/implementedLocation'>Web</a></body></html>,2026-08-26T17:28:28.846384
its-regulation-114,implementedValidity,implementedValidity,The validity period for the condition as implemented.,ObjectProperty,,<html><body><a href='https://w3id.org/itsdata/regulation/v1/implementedValidity'>Web</a></body></html>,2026-08-26T17:28:28.846384
its-regulation-119,issuedTro,issuedTro,A traffic regulation order issued by the entity.,ObjectProperty,,<html><body><a href='https://w3id.org/itsdata/regulation/v1/issuedTro'>Web</a></body></html>,2026-08-26T17:28:28.846384
its-regulation-120,issuingAuthority,issuingAuthority,,ObjectProperty,,<html><body><a href='https://w3id.org/itsdata/regulation/v1/issuingAuthority'>Web</a></body></html>,2026-08-26T17:28:28.846384
its-regulation-121,locationByOrder,locationByOrder,The location where the regulation is defined to apply per the traffic regulation order.,ObjectProperty,,<html><body><a href='https://w3id.org/itsdata/regulation/v1/locationByOrder'>Web</a></body></html>,2026-08-26T17:28:28.846384
its-regulation-122,logicalOperator,logicalOperator,The logical operator used to combine the Conditions in a ConditionSet.,ObjectProperty,,<html><body><a href='https://w3id.org/itsdata/regulation/v1/logicalOperator'>Web</a></body></html>,2026-08-26T17:28:28.846384
its-regulation-123,memberTrafficRegulation,memberTrafficRegulation,A traffic regulation enacted by the traffic regulation order.,ObjectProperty,,<html><body><a href='https://w3id.org/itsdata/regulation/v1/memberTrafficRegulation'>Web</a></body></html>,2026-08-26T17:28:28.846384
its-regulation-127,pavementMarkingType,pavementMarkingType,A code that indicates the type of pavement marking device.,ObjectProperty,,<html><body><a href='https://w3id.org/itsdata/regulation/v1/pavementMarkingType'>Web</a></body></html>,2026-08-26T17:28:28.846384
its-regulation-128,permitInformation,permitInformation,Information about any permits that are associated with the regulation.,ObjectProperty,,<html><body><a href='https://w3id.org/itsdata/regulation/v1/permitInformation'>Web</a></body></html>,2026-08-26T17:28:28.846384
its-regulation-129,permittedEntityType,permittedEntityType,The type of entity that is permitted to use the permit.,ObjectProperty,,<html><body><a href='https://w3id.org/itsdata/regulation/v1/permittedEntityType'>Web</a></body></html>,2026-08-26T17:28:28.846384
its-regulation-131,reasonCode,reasonCode,A reason justifying the existence of the instance of the traffic regulation order,ObjectProperty,,<html><body><a href='https://w3id.org/itsdata/regulation/v1/reasonCode'>Web</a></body></html>,2026-08-26T17:28:28.846384
its-regulation-132,regulatoryScope,regulatoryScope,Indication of the types of regulations that can be enacted by the rule maker.,ObjectProperty,,<html><body><a href='https://w3id.org/itsdata/regulation/v1/regulatoryScope'>Web</a></body></html>,2026-08-26T17:28:28.846384
its-regulation-133,requiredDesignation,requiredDesignation,The designation of the permit that is required for the instance of the traffic regulation.,ObjectProperty,,<html><body><a href='https://w3id.org/itsdata/regulation/v1/requiredDesignation'>Web</a></body></html>,2026-08-26T17:28:28.846384
its-regulation-134,requiredDisplayType,requiredDisplayType,The display type of the permit that is required for the instance of the traffic regulation.,ObjectProperty,,<html><body><a href='https://w3id.org/itsdata/regulation/v1/requiredDisplayType'>Web</a></body></html>,2026-08-26T17:28:28.846384
its-regulation-135,requiredGrantor,requiredGrantor,The grantor of the permit that is required for the instance of the traffic regulation.,ObjectProperty,,<html><body><a href='https://w3id.org/itsdata/regulation/v1/requiredGrantor'>Web</a></body></html>,2026-08-26T17:28:28.846384
its-regulation-136,requiredGrantorType,requiredGrantorType,The type of grantor of the permit that is required for the instance of the traffic regulation.,ObjectProperty,,<html><body><a href='https://w3id.org/itsdata/regulation/v1/requiredGrantorType'>Web</a></body></html>,2026-08-26T17:28:28.846384
its-regulation-138,roadSurfaceFeatureType,roadSurfaceFeatureType,A code that indicates the type of road surface feature.,ObjectProperty,,<html><body><a href='https://w3id.org/itsdata/regulation/v1/roadSurfaceFeatureType'>Web</a></body></html>,2026-08-26T17:28:28.846384
its-regulation-139,hasComponentSign,hasComponentSign,An ordered supplemental sign of the international sign; the first is the main sign and subsequent values are supplemental signs.,ObjectProperty,,<html><body><a href='https://w3id.org/itsdata/regulation/v1/hasComponentSign'>Web</a></body></html>,2026-08-26T17:28:28.846384
its-regulation-140,trafficImpactLocation,trafficImpactLocation,The location where traffic is impacted due to the existence of the regulation.,ObjectProperty,,<html><body><a href='https://w3id.org/itsdata/regulation/v1/trafficImpactLocation'>Web</a></body></html>,2026-08-26T17:28:28.846384
its-regulation-141,troStatus,troStatus,The current lifecycle status of the instance of the containing class,ObjectProperty,,<html><body><a href='https://w3id.org/itsdata/regulation/v1/troStatus'>Web</a></body></html>,2026-08-26T17:28:28.846384
its-regulation-143,validityByOrder,validityByOrder,The validity period for the condition.,ObjectProperty,,<html><body><a href='https://w3id.org/itsdata/regulation/v1/validityByOrder'>Web</a></body></html>,2026-08-26T17:28:28.846384
its-regulation-144,valueToCompare,valueToCompare,The threshold value to compare against the current value to determine the applicability of the regulation.,ObjectProperty,,<html><body><a href='https://w3id.org/itsdata/regulation/v1/valueToCompare'>Web</a></body></html>,2026-08-26T17:28:28.846384
its-regulation-147,forRoadWeatherConditionType,forRoadWeatherConditionType,The type of weather condition that is subject to the regulation.,ObjectProperty,,<html><body><a href='https://w3id.org/itsdata/regulation/v1/forRoadWeatherConditionType'>Web</a></body></html>,2026-08-26T17:28:28.846384
,hasTrustworthiness,hasTrustworthiness,The trustworthiness of the object.,ObjectProperty,,<html><body><a href='https://w3id.org/itsdata/regulation/v1/hasTrustworthiness'>Web</a></body></html>,2026-08-26T17:28:28.846384
,hasOverallTrustworthiness,hasOverallTrustworthiness,A code indicating the overall trustworthiness of the object.,ObjectProperty,,<html><body><a href='https://w3id.org/itsdata/regulation/v1/hasOverallTrustworthiness'>Web</a></body></html>,2026-08-26T17:28:28.846384
,hasContext,hasContext,A context associated with the traffic regulation.,ObjectProperty,,<html><body><a href='https://w3id.org/itsdata/regulation/v1/hasContext'>Web</a></body></html>,2026-08-26T17:28:28.846384
,hasFeeSchedule,hasFeeSchedule,A fee schedule associated with the traffic regulation.,ObjectProperty,,<html><body><a href='https://w3id.org/itsdata/regulation/v1/hasFeeSchedule'>Web</a></body></html>,2026-08-26T17:28:28.846384
,hasThreshold,hasThreshold,A threshold associated with the traffic regulation.,ObjectProperty,,<html><body><a href='https://w3id.org/itsdata/regulation/v1/hasThreshold'>Web</a></body></html>,2026-08-26T17:28:28.846384
,hasRegulationCategory,hasRegulationCategory,A category of regulation associated with the traffic regulation.,ObjectProperty,,<html><body><a href='https://w3id.org/itsdata/regulation/v1/hasRegulationCategory'>Web</a></body></html>,2026-08-26T17:28:28.846384
,hasRestriction,hasRestriction,A restriction associated with the traffic regulation.,ObjectProperty,,<html><body><a href='https://w3id.org/itsdata/regulation/v1/hasRestriction'>Web</a></body></html>,2026-08-26T17:28:28.846384
,hasDetails,hasDetails,The details of the composite sign.,ObjectProperty,,<html><body><a href='https://w3id.org/itsdata/regulation/v1/hasDetails'>Web</a></body></html>,2026-08-26T17:28:28.846384
,hasRegulation,hasRegulation,,ObjectProperty,,<html><body><a href='https://w3id.org/itsdata/regulation/v1/hasRegulation'>Web</a></body></html>,2026-08-26T17:28:28.846384
its-regulation-41,RegulationDataProperty,RegulationDataProperty,A data property to organize all data properties defined in the Traffic Regulation topic area of the ITS Ontology.,DatatypeProperty,,<html><body><a href='https://w3id.org/itsdata/regulation/v1/RegulationDataProperty'>Web</a></body></html>,2026-08-26T17:28:28.846384
its-regulation-92,hasApplicationInstructions,hasApplicationInstructions,The method by which the permit can be obtained.,DatatypeProperty,,<html><body><a href='https://w3id.org/itsdata/regulation/v1/hasApplicationInstructions'>Web</a></body></html>,2026-08-26T17:28:28.846384
its-regulation-93,hasApplicationUrl,hasApplicationUrl,The URL for the application of the permit.,DatatypeProperty,,<html><body><a href='https://w3id.org/itsdata/regulation/v1/hasApplicationUrl'>Web</a></body></html>,2026-08-26T17:28:28.846384
its-regulation-106,hasInformationUrl,hasInformationUrl,The URL for the information about the permit.,DatatypeProperty,,<html><body><a href='https://w3id.org/itsdata/regulation/v1/hasInformationUrl'>Web</a></body></html>,2026-08-26T17:28:28.846384
its-regulation-112,image,image,An image that is associated with the traffic control device.,DatatypeProperty,,<html><body><a href='https://w3id.org/itsdata/regulation/v1/image'>Web</a></body></html>,2026-08-26T17:28:28.846384
its-regulation-115,isActive,isActive,Indicates whether the condition is currently active.,DatatypeProperty,,<html><body><a href='https://w3id.org/itsdata/regulation/v1/isActive'>Web</a></body></html>,2026-08-26T17:28:28.846384
its-regulation-116,isApplicationRequired,isApplicationRequired,Indicates whether an application is required for the permit.,DatatypeProperty,,<html><body><a href='https://w3id.org/itsdata/regulation/v1/isApplicationRequired'>Web</a></body></html>,2026-08-26T17:28:28.846384
its-regulation-117,isLocationSpecific,isLocationSpecific,Indicates whether the permit is location specific.,DatatypeProperty,,<html><body><a href='https://w3id.org/itsdata/regulation/v1/isLocationSpecific'>Web</a></body></html>,2026-08-26T17:28:28.846384
its-regulation-118,issued,issued,The date and time the permit was issued.,DatatypeProperty,,<html><body><a href='https://w3id.org/itsdata/regulation/v1/issued'>Web</a></body></html>,2026-08-26T17:28:28.846384
its-regulation-124,nationalSignId,nationalSignId,The national sign identifier for the traffic control device.,DatatypeProperty,,<html><body><a href='https://w3id.org/itsdata/regulation/v1/nationalSignId'>Web</a></body></html>,2026-08-26T17:28:28.846384
its-regulation-125,negate,negate,Indicates whether the condition is negated.,DatatypeProperty,,<html><body><a href='https://w3id.org/itsdata/regulation/v1/negate'>Web</a></body></html>,2026-08-26T17:28:28.846384
its-regulation-126,otherCondition,otherCondition,A separate condition that determines the applicability of the regulation.,DatatypeProperty,,<html><body><a href='https://w3id.org/itsdata/regulation/v1/otherCondition'>Web</a></body></html>,2026-08-26T17:28:28.846384
its-regulation-130,pictogram,pictogram,The pictogram that is associated with the traffic control device.,DatatypeProperty,,<html><body><a href='https://w3id.org/itsdata/regulation/v1/pictogram'>Web</a></body></html>,2026-08-26T17:28:28.846384
its-regulation-137,requiredPermitIdentifier,requiredPermitIdentifier,The identifier of the permit that is required for the instance of the traffic regulation.,DatatypeProperty,,<html><body><a href='https://w3id.org/itsdata/regulation/v1/requiredPermitIdentifier'>Web</a></body></html>,2026-08-26T17:28:28.846384
its-regulation-142,url,url,The URL that is associated with the traffic control device.,DatatypeProperty,,<html><body><a href='https://w3id.org/itsdata/regulation/v1/url'>Web</a></body></html>,2026-08-26T17:28:28.846384
its-regulation-145,version,version,The version of the object.,DatatypeProperty,,<html><body><a href='https://w3id.org/itsdata/regulation/v1/version'>Web</a></body></html>,2026-08-26T17:28:28.846384
its-regulation-148,compositeText,compositeText,The text that is displayed with the traffic control device.,DatatypeProperty,,<html><body><a href='https://w3id.org/itsdata/regulation/v1/compositeText'>Web</a></body></html>,2026-08-26T17:28:28.846384
,hasInceptionDate,hasInceptionDate,The date on which the traffic regulation can first became applicable whenever all defined conditions are met.,DatatypeProperty,,<html><body><a href='https://w3id.org/itsdata/regulation/v1/hasInceptionDate'>Web</a></body></html>,2026-08-26T17:28:28.846384
,hasTerminationDate,hasTerminationDate,The date after which the traffic regulation became or is expected to become no longer applicable regardless of the current validity of the defined conditions.,DatatypeProperty,,<html><body><a href='https://w3id.org/itsdata/regulation/v1/hasTerminationDate'>Web</a></body></html>,2026-08-26T17:28:28.846384
,hasTextualRestriction,hasTextualRestriction,A textual restriction associated with the traffic regulation.,DatatypeProperty,,<html><body><a href='https://w3id.org/itsdata/regulation/v1/hasTextualRestriction'>Web</a></body></html>,2026-08-26T17:28:28.846384
,isSuspect,isSuspect,A code indicating if the traffic regulation is suspect.,DatatypeProperty,,<html><body><a href='https://w3id.org/itsdata/regulation/v1/isSuspect'>Web</a></body></html>,2026-08-26T17:28:28.846384
